Date,Orange Juice (liters),Apple Juice (liters)
2026-01-01,124,97
2026-01-02,119,97
2026-01-03,140,106
2026-01-04,133,107
2026-01-05,123,94
2026-01-06,124,98
2026-01-07,125,96
2026-01-08,121,103
2026-01-09,121,98
2026-01-10,132,112
2026-01-11,134,115
2026-01-12,126,105
2026-01-13,127,106
2026-01-14,131,98
2026-01-15,106,83
2026-01-16,123,101
2026-01-17,147,117
2026-01-18,142,117
2026-01-19,137,107
2026-01-20,136,104
2026-01-21,128,105
2026-01-22,127,110
2026-01-23,132,106
2026-01-24,144,116
2026-01-25,145,115
2026-01-26,135,109
2026-01-27,132,103
2026-01-28,132,114
2026-01-29,142,105
2026-01-30,133,108
2026-01-31,150,121
2026-02-01,159,125
2026-02-02,142,114
2026-02-03,133,116
2026-02-04,143,111
2026-02-05,136,108
2026-02-06,139,111
2026-02-07,156,129
2026-02-08,162,130
2026-02-09,145,116
2026-02-10,140,112
2026-02-11,144,115
2026-02-12,140,111
2026-02-13,146,118
2026-02-14,124,107
2026-02-15,157,132
2026-02-16,146,121
2026-02-17,150,122
2026-02-18,141,118
2026-02-19,147,122
2026-02-20,154,122
2026-02-21,173,127
2026-02-22,167,135
2026-02-23,150,120
2026-02-24,158,127
2026-02-25,153,118
2026-02-26,153,119
2026-02-27,154,124
2026-02-28,176,132
2026-03-01,166,137
2026-03-02,160,121
2026-03-03,150,123
2026-03-04,159,131
2026-03-05,160,132
2026-03-06,155,123
2026-03-07,176,133
2026-03-08,169,143
2026-03-09,158,126
2026-03-10,161,129
2026-03-11,158,127
2026-03-12,164,135
2026-03-13,169,133
2026-03-14,176,151
2026-03-15,174,138
2026-03-16,163,131
2026-03-17,159,133
2026-03-18,172,132
2026-03-19,172,127
2026-03-20,174,137
2026-03-21,177,146
2026-03-22,186,150
2026-03-23,162,142
2026-03-24,168,135
2026-03-25,173,139
2026-03-26,176,138
2026-03-27,163,135
2026-03-28,183,155
2026-03-29,197,147
2026-03-30,167,134
2026-03-31,166,143
2026-04-01,175,147
2026-04-02,168,147
2026-04-03,167,138
2026-04-04,194,157
2026-04-05,198,156
2026-04-06,170,144
2026-04-07,180,142
2026-04-08,177,150
2026-04-09,178,149
2026-04-10,172,146
2026-04-11,189,164
2026-04-12,199,164
2026-04-13,190,140
2026-04-14,188,152
2026-04-15,187,154
2026-04-16,180,146
2026-04-17,177,151
2026-04-18,207,157
2026-04-19,202,156
2026-04-20,184,150
2026-04-21,190,149
2026-04-22,190,145
2026-04-23,196,149
2026-04-24,187,150
2026-04-25,208,169
2026-04-26,201,168
2026-04-27,187,151
2026-04-28,199,149
2026-04-29,198,152
2026-04-30,188,147
2026-05-01,183,151
2026-05-02,213,166
2026-05-03,212,175
2026-05-04,186,151
2026-05-05,196,156
2026-05-06,197,162
2026-05-07,204,164
2026-05-08,188,165
2026-05-09,206,175
2026-05-10,218,172
2026-05-11,202,158
2026-05-12,198,162
2026-05-13,195,160
2026-05-14,210,160
2026-05-15,200,161
2026-05-16,218,176
2026-05-17,219,172
2026-05-18,208,156
2026-05-19,196,171
2026-05-20,199,167
2026-05-21,211,159
2026-05-22,197,168
2026-05-23,221,179
2026-05-24,228,190
2026-05-25,204,164
2026-05-26,216,173
2026-05-27,207,175
2026-05-28,210,169
2026-05-29,214,167
2026-05-30,237,185
2026-05-31,236,183
2026-06-01,213,171
2026-06-02,216,179
2026-06-03,211,167
2026-06-04,204,172
2026-06-05,209,166
2026-06-06,243,195
2026-06-07,225,194
2026-06-08,215,178
2026-06-09,206,170
2026-06-10,206,167
2026-06-11,221,181
2026-06-12,214,172
2026-06-13,238,192
2026-06-14,246,204
2026-06-15,210,180
2026-06-16,214,185
2026-06-17,210,182
2026-06-18,214,178
2026-06-19,211,181
2026-06-20,243,188
2026-06-21,249,200
2026-06-22,223,173
2026-06-23,220,187
2026-06-24,222,185
2026-06-25,220,189
2026-06-26,233,189
2026-06-27,258,199
2026-06-28,249,207
2026-06-29,238,189
2026-06-30,239,194
2026-07-01,236,188
2026-07-02,220,192
2026-07-03,228,178
2026-07-04,255,200
2026-07-05,264,203
2026-07-06,234,195
2026-07-07,221,194
2026-07-08,232,185
2026-07-09,230,181
2026-07-10,230,181
2026-07-11,259,207
2026-07-12,256,200
2026-07-13,224,188
2026-07-14,244,197
2026-07-15,229,197
2026-07-16,239,200
2026-07-17,244,189
2026-07-18,256,223
2026-07-19,269,205
2026-07-20,247,194
2026-07-21,234,188
2026-07-22,234,201
2026-07-23,231,195
2026-07-24,238,195
2026-07-25,279,218
2026-07-26,266,210
2026-07-27,254,205
2026-07-28,241,209
2026-07-29,233,207
2026-07-30,235,200
2026-07-31,253,199
2026-08-01,278,225
2026-08-02,261,213
2026-08-03,250,196
2026-08-04,241,197
2026-08-05,255,212
2026-08-06,248,211
2026-08-07,241,204
2026-08-08,269,232
2026-08-09,274,234
2026-08-10,264,198
2026-08-11,257,205
2026-08-12,242,202
2026-08-13,254,214
2026-08-14,255,198
2026-08-15,287,231
2026-08-16,270,233
2026-08-17,266,208
2026-08-18,264,212
2026-08-19,268,200
2026-08-20,261,206
2026-08-21,264,221
2026-08-22,279,240
2026-08-23,300,237
2026-08-24,261,203
2026-08-25,269,217
2026-08-26,256,220
2026-08-27,266,212
2026-08-28,276,216
2026-08-29,290,232
2026-08-30,302,231
2026-08-31,266,209
2026-09-01,267,224
2026-09-02,270,213
2026-09-03,261,225
2026-09-04,271,210
2026-09-05,310,251
2026-09-06,286,234
2026-09-07,273,209
2026-09-08,267,209
2026-09-09,267,220
2026-09-10,259,229
2026-09-11,280,223
2026-09-12,293,243
2026-09-13,309,248
2026-09-14,278,225
2026-09-15,274,232
2026-09-16,281,233
2026-09-17,279,235
2026-09-18,263,234
2026-09-19,305,252
2026-09-20,293,245
2026-09-21,267,216
2026-09-22,287,223
2026-09-23,283,220
2026-09-24,268,225
2026-09-25,292,219
2026-09-26,303,250
2026-09-27,318,243
2026-09-28,293,221
2026-09-29,279,222
2026-09-30,289,239
2026-10-01,296,225
2026-10-02,280,232
2026-10-03,308,262
2026-10-04,303,248
2026-10-05,291,231
2026-10-06,274,240
2026-10-07,300,224
2026-10-08,289,225
2026-10-09,301,236
2026-10-10,312,247
2026-10-11,307,248
2026-10-12,290,247
2026-10-13,283,236
2026-10-14,284,230
2026-10-15,285,230
2026-10-16,291,245
2026-10-17,338,275
2026-10-18,338,273
2026-10-19,306,252
2026-10-20,299,230
2026-10-21,301,241
2026-10-22,287,237
2026-10-23,293,252
2026-10-24,331,265
2026-10-25,339,281
2026-10-26,287,247
2026-10-27,310,249
2026-10-28,304,239
2026-10-29,300,242
2026-10-30,290,241
2026-10-31,336,262
2026-11-01,327,260
2026-11-02,310,259
2026-11-03,304,256
2026-11-04,309,252
2026-11-05,293,258
2026-11-06,296,241
2026-11-07,346,286
2026-11-08,340,276
2026-11-09,318,249
2026-11-10,297,248
2026-11-11,306,255
2026-11-12,304,244
2026-11-13,322,255
2026-11-14,357,273
2026-11-15,334,289
2026-11-16,326,258
2026-11-17,297,264
2026-11-18,326,258
2026-11-19,313,256
2026-11-20,321,257
2026-11-21,348,279
2026-11-22,363,284
2026-11-23,331,259
2026-11-24,309,246
2026-11-25,329,250
2026-11-26,317,269
2026-11-27,314,269
2026-11-28,356,288
2026-11-29,337,290
2026-11-30,334,273
2026-12-01,308,260
2026-12-02,315,254
2026-12-03,324,267
2026-12-04,331,273
2026-12-05,359,282
2026-12-06,359,296
2026-12-07,338,259
2026-12-08,325,267
2026-12-09,316,273
2026-12-10,336,274
2026-12-11,325,276
2026-12-12,372,287
2026-12-13,374,298
2026-12-14,317,258
2026-12-15,340,271
2026-12-16,325,269
2026-12-17,329,268
2026-12-18,346,275
2026-12-19,374,288
2026-12-20,383,299
2026-12-21,347,275
2026-12-22,326,277
2026-12-23,324,283
2026-12-24,332,279
2026-12-25,263,222
2026-12-26,359,313
2026-12-27,371,310
2026-12-28,330,264
2026-12-29,328,274
2026-12-30,330,265
2026-12-31,352,271
